duplicate_id,original_id,mangle_type
L02001,L01296,company_new_suffix|name_initial|email_blank|phone_same
L02002,L01909,company_lower_no_suffix|name_upper|email_upper|phone_same
L02003,L01131,company_upper_new_suffix|name_initial|email_blank|phone_changed
L02004,L00224,company_lower_no_suffix|name_initial|email_blank|phone_changed
L02005,L01604,company_upper_new_suffix|name_trailing_space|email_upper|phone_same
L02006,L00449,company_nospace_new_suffix|name_trailing_space|email_upper|phone_same
L02007,L01943,company_upper_new_suffix|name_upper|email_upper|phone_same
L02008,L01754,company_lower_no_suffix|name_upper|email_blank|phone_same
L02009,L01616,company_lower_no_suffix|name_upper|email_blank|phone_same
L02010,L00511,company_new_suffix|name_initial|email_upper|phone_same
L02011,L00016,company_nospace_new_suffix|name_initial|email_upper|phone_changed
L02012,L01254,company_upper_new_suffix|name_trailing_space|email_missing_in_both|phone_same
L02013,L01856,company_lower_no_suffix|name_initial|email_blank|phone_same
L02014,L01101,company_upper_new_suffix|name_upper|email_blank|phone_same
L02015,L00499,company_lower_no_suffix|name_initial|email_upper|phone_same
L02016,L00201,company_new_suffix|name_initial|email_upper|phone_changed
L02017,L00539,company_nospace_new_suffix|name_initial|email_upper|phone_changed
L02018,L00758,company_new_suffix|name_initial|email_upper|phone_same
L02019,L00333,company_new_suffix|name_trailing_space|email_blank|phone_same
L02020,L00512,company_lower_no_suffix|name_trailing_space|email_upper|phone_changed
L02021,L01006,company_lower_no_suffix|name_initial|email_blank|phone_changed
L02022,L01094,company_new_suffix|name_initial|email_upper|phone_same
L02023,L01887,company_lower_no_suffix|name_initial|email_upper|phone_same
L02024,L01574,company_new_suffix|name_initial|email_upper|phone_changed
L02025,L01629,company_lower_no_suffix|name_trailing_space|email_blank|phone_same
L02026,L00027,company_upper_new_suffix|name_initial|email_upper|phone_changed
L02027,L00425,company_upper_new_suffix|name_initial|email_blank|phone_same
L02028,L00633,company_upper_new_suffix|name_upper|email_upper|phone_changed
L02029,L00791,company_nospace_new_suffix|name_upper|email_upper|phone_same
L02030,L00445,company_nospace_new_suffix|name_initial|email_upper|phone_same
L02031,L01639,company_nospace_new_suffix|name_trailing_space|email_upper|phone_changed
L02032,L00402,company_upper_new_suffix|name_upper|email_missing_in_both|phone_same
L02033,L01512,company_new_suffix|name_trailing_space|email_upper|phone_same
L02034,L01807,company_new_suffix|name_upper|email_missing_in_both|phone_changed
L02035,L00371,company_nospace_new_suffix|name_initial|email_upper|phone_changed
L02036,L01055,company_new_suffix|name_trailing_space|email_upper|phone_changed
L02037,L00908,company_upper_new_suffix|name_trailing_space|email_upper|phone_same
L02038,L00542,company_nospace_new_suffix|name_upper|email_upper|phone_changed
L02039,L01297,company_upper_new_suffix|name_initial|email_upper|phone_changed
L02040,L00315,company_new_suffix|name_upper|email_upper|phone_changed
L02041,L01645,company_upper_new_suffix|name_trailing_space|email_upper|phone_same
L02042,L00747,company_new_suffix|name_initial|email_blank|phone_same
L02043,L00854,company_nospace_new_suffix|name_upper|email_blank|phone_same
L02044,L00656,company_new_suffix|name_upper|email_blank|phone_same
L02045,L00827,company_upper_new_suffix|name_upper|email_upper|phone_same
L02046,L01976,company_nospace_new_suffix|name_trailing_space|email_blank|phone_changed
L02047,L01841,company_lower_no_suffix|name_initial|email_upper|phone_same
L02048,L01859,company_upper_new_suffix|name_initial|email_missing_in_both|phone_same
L02049,L01132,company_nospace_new_suffix|name_initial|email_upper|phone_changed
L02050,L00805,company_lower_no_suffix|name_trailing_space|email_blank|phone_same
L02051,L00848,company_new_suffix|name_upper|email_blank|phone_same
L02052,L01558,company_new_suffix|name_upper|email_blank|phone_same
L02053,L01089,company_upper_new_suffix|name_initial|email_blank|phone_same
L02054,L00070,company_nospace_new_suffix|name_trailing_space|email_blank|phone_changed
L02055,L01532,company_nospace_new_suffix|name_initial|email_blank|phone_same
L02056,L01349,company_new_suffix|name_upper|email_blank|phone_same
L02057,L01963,company_upper_new_suffix|name_initial|email_upper|phone_same
L02058,L00684,company_new_suffix|name_initial|email_upper|phone_changed
L02059,L01885,company_nospace_new_suffix|name_upper|email_upper|phone_same
L02060,L01135,company_upper_new_suffix|name_initial|email_blank|phone_same
L02061,L00084,company_new_suffix|name_initial|email_missing_in_both|phone_same
L02062,L00065,company_upper_new_suffix|name_trailing_space|email_blank|phone_same
L02063,L00102,company_new_suffix|name_initial|email_upper|phone_changed
L02064,L01466,company_new_suffix|name_initial|email_upper|phone_changed
L02065,L00738,company_new_suffix|name_upper|email_blank|phone_changed
L02066,L01140,company_new_suffix|name_upper|email_blank|phone_same
L02067,L01180,company_new_suffix|name_initial|email_blank|phone_same
L02068,L01347,company_new_suffix|name_upper|email_upper|phone_same
L02069,L00717,company_lower_no_suffix|name_initial|email_blank|phone_same
L02070,L01886,company_upper_new_suffix|name_upper|email_upper|phone_same
L02071,L01804,company_lower_no_suffix|name_upper|email_blank|phone_same
L02072,L01433,company_upper_new_suffix|name_initial|email_upper|phone_same
L02073,L01544,company_nospace_new_suffix|name_initial|email_upper|phone_same
L02074,L00441,company_new_suffix|name_initial|email_blank|phone_same
L02075,L01116,company_nospace_new_suffix|name_upper|email_blank|phone_changed
L02076,L00238,company_new_suffix|name_trailing_space|email_upper|phone_same
L02077,L00671,company_lower_no_suffix|name_trailing_space|email_upper|phone_changed
L02078,L00961,company_new_suffix|name_initial|email_upper|phone_changed
L02079,L01705,company_upper_new_suffix|name_initial|email_blank|phone_same
L02080,L00763,company_upper_new_suffix|name_trailing_space|email_upper|phone_changed
L02081,L01772,company_new_suffix|name_upper|email_upper|phone_changed
L02082,L01828,company_new_suffix|name_upper|email_upper|phone_changed
L02083,L00109,company_lower_no_suffix|name_initial|email_upper|phone_same
L02084,L01870,company_nospace_new_suffix|name_trailing_space|email_blank|phone_same
L02085,L00190,company_upper_new_suffix|name_initial|email_blank|phone_changed
L02086,L01748,company_new_suffix|name_trailing_space|email_upper|phone_same
L02087,L00644,company_nospace_new_suffix|name_initial|email_upper|phone_same
L02088,L00553,company_nospace_new_suffix|name_initial|email_upper|phone_same
L02089,L00453,company_new_suffix|name_initial|email_blank|phone_same
L02090,L01403,company_new_suffix|name_initial|email_upper|phone_changed
L02091,L01114,company_nospace_new_suffix|name_upper|email_blank|phone_same
L02092,L01410,company_lower_no_suffix|name_upper|email_upper|phone_changed
L02093,L01529,company_upper_new_suffix|name_initial|email_blank|phone_changed
L02094,L01649,company_upper_new_suffix|name_trailing_space|email_blank|phone_same
L02095,L01991,company_upper_new_suffix|name_trailing_space|email_upper|phone_changed
L02096,L00683,company_upper_new_suffix|name_initial|email_upper|phone_same
L02097,L00930,company_nospace_new_suffix|name_upper|email_upper|phone_same
L02098,L01107,company_new_suffix|name_trailing_space|email_upper|phone_changed
L02099,L00219,company_upper_new_suffix|name_trailing_space|email_blank|phone_same
L02100,L01147,company_upper_new_suffix|name_upper|email_upper|phone_same
L02101,L01302,company_new_suffix|name_upper|email_upper|phone_changed
L02102,L01969,company_upper_new_suffix|name_initial|email_upper|phone_same
L02103,L00985,company_new_suffix|name_upper|email_blank|phone_same
L02104,L01272,company_lower_no_suffix|name_upper|email_upper|phone_same
L02105,L01980,company_upper_new_suffix|name_initial|email_blank|phone_same
L02106,L01866,company_upper_new_suffix|name_initial|email_upper|phone_same
L02107,L01460,company_new_suffix|name_trailing_space|email_blank|phone_same
L02108,L00561,company_upper_new_suffix|name_initial|email_upper|phone_same
L02109,L01269,company_lower_no_suffix|name_upper|email_blank|phone_same
L02110,L01898,company_new_suffix|name_trailing_space|email_blank|phone_same
L02111,L01483,company_new_suffix|name_trailing_space|email_upper|phone_same
L02112,L01884,company_nospace_new_suffix|name_initial|email_blank|phone_changed
L02113,L01637,company_upper_new_suffix|name_initial|email_blank|phone_changed
L02114,L00578,company_lower_no_suffix|name_trailing_space|email_upper|phone_same
L02115,L01803,company_new_suffix|name_upper|email_upper|phone_same
L02116,L01087,company_lower_no_suffix|name_initial|email_upper|phone_same
L02117,L01065,company_upper_new_suffix|name_trailing_space|email_upper|phone_same
L02118,L01785,company_new_suffix|name_trailing_space|email_blank|phone_changed
L02119,L01653,company_lower_no_suffix|name_trailing_space|email_blank|phone_changed
L02120,L00235,company_lower_no_suffix|name_upper|email_upper|phone_same
L02121,L00712,company_nospace_new_suffix|name_upper|email_upper|phone_same
L02122,L01372,company_nospace_new_suffix|name_initial|email_upper|phone_changed
L02123,L01552,company_upper_new_suffix|name_initial|email_upper|phone_same
L02124,L01727,company_upper_new_suffix|name_upper|email_upper|phone_same
L02125,L01300,company_new_suffix|name_trailing_space|email_blank|phone_same
L02126,L01612,company_new_suffix|name_trailing_space|email_upper|phone_same
L02127,L01721,company_upper_new_suffix|name_upper|email_blank|phone_same
L02128,L00234,company_new_suffix|name_trailing_space|email_blank|phone_same
L02129,L01957,company_upper_new_suffix|name_upper|email_blank|phone_same
L02130,L00605,company_new_suffix|name_upper|email_upper|phone_same
L02131,L00556,company_nospace_new_suffix|name_initial|email_blank|phone_same
L02132,L00876,company_upper_new_suffix|name_initial|email_upper|phone_same
L02133,L00833,company_new_suffix|name_initial|email_upper|phone_same
L02134,L01820,company_upper_new_suffix|name_trailing_space|email_blank|phone_same
L02135,L01222,company_nospace_new_suffix|name_initial|email_blank|phone_same
L02136,L01348,company_new_suffix|name_initial|email_upper|phone_same
L02137,L01217,company_lower_no_suffix|name_initial|email_upper|phone_same
L02138,L00699,company_new_suffix|name_initial|email_upper|phone_changed
L02139,L00518,company_upper_new_suffix|name_trailing_space|email_blank|phone_same
L02140,L00227,company_new_suffix|name_upper|email_upper|phone_changed
L02141,L00088,company_new_suffix|name_initial|email_upper|phone_changed
L02142,L00658,company_upper_new_suffix|name_initial|email_blank|phone_changed
L02143,L01600,company_lower_no_suffix|name_trailing_space|email_upper|phone_changed
L02144,L01763,company_new_suffix|name_initial|email_typo_invalid|phone_changed
L02145,L00330,company_new_suffix|name_trailing_space|email_upper|phone_changed
L02146,L01058,company_new_suffix|name_upper|email_upper|phone_changed
L02147,L00855,company_renamed|name_initial|email_blank|phone_changed
L02148,L01540,company_new_suffix|name_upper|email_typo|phone_same
L02149,L01606,company_new_suffix|name_upper|email_typo_invalid|phone_same
L02150,L01835,company_upper_new_suffix|name_initial|email_typo|phone_same
L02151,L00223,company_nospace_new_suffix|name_upper|email_typo|phone_same
L02152,L01036,company_nospace_new_suffix|name_trailing_space|email_typo_invalid|phone_changed
L02153,L01379,company_upper_new_suffix|name_initial|email_typo_invalid|phone_same
L02154,L01148,company_nospace_new_suffix|name_initial|email_typo|phone_same
L02155,L01400,company_renamed|name_trailing_space|email_new_domain|phone_same
L02156,L00044,company_new_suffix|name_initial|email_typo|phone_changed
L02157,L01182,company_upper_new_suffix|name_upper|email_typo|phone_changed
L02158,L00991,company_renamed|name_initial|email_new_domain|phone_same
L02159,L01325,company_renamed|name_initial|email_blank|phone_same
L02160,L00860,company_nospace_new_suffix|name_upper|email_typo|phone_changed
L02161,L01435,company_renamed|name_initial|email_blank|phone_same
L02162,L01978,company_new_suffix|name_initial|email_typo_invalid|phone_same
L02163,L01257,company_renamed|name_upper|email_blank|phone_same
L02164,L01742,company_lower_no_suffix|name_upper|email_typo_invalid|phone_same
L02165,L00994,company_renamed|name_initial|email_new_domain|phone_same
L02166,L00906,company_new_suffix|name_trailing_space|email_typo_invalid|phone_same
L02167,L00404,company_new_suffix|name_upper|email_typo|phone_same
L02168,L00135,company_lower_no_suffix|name_trailing_space|email_upper|phone_changed
L02169,L01974,company_renamed|name_initial|email_blank|phone_same
L02170,L00252,company_renamed|name_initial|email_new_domain|phone_same
L02171,L01903,company_lower_no_suffix|name_initial|email_typo_invalid|phone_same
L02172,L00288,company_new_suffix|name_initial|email_typo|phone_changed
L02173,L00867,company_upper_new_suffix|name_initial|email_typo|phone_changed
L02174,L00352,company_renamed|name_trailing_space|email_blank|phone_same
L02175,L00222,company_upper_new_suffix|name_initial|email_blank|phone_changed
L02176,L00367,company_new_suffix|name_trailing_space|email_typo_invalid|phone_same
L02177,L01178,company_renamed|name_upper|email_blank|phone_same
L02178,L01934,company_nospace_new_suffix|name_initial|email_typo|phone_changed
L02179,L01142,company_renamed|name_initial|email_new_domain|phone_same
L02180,L00296,company_upper_new_suffix|name_upper|email_typo_invalid|phone_same
L02181,L01787,company_lower_no_suffix|name_initial|email_upper|phone_changed
L02182,L00892,company_upper_new_suffix|name_upper|email_typo|phone_same
L02183,L01375,company_renamed|name_initial|email_blank|phone_changed
L02184,L01165,company_renamed|name_initial|email_new_domain|phone_same
L02185,L00624,company_new_suffix|name_trailing_space|email_typo|phone_same
L02186,L01322,company_new_suffix|name_initial|email_typo_invalid|phone_same
L02187,L00417,company_new_suffix|name_trailing_space|email_typo|phone_same
L02188,L00869,company_new_suffix|name_trailing_space|email_typo|phone_same
L02189,L00148,company_renamed|name_trailing_space|email_new_domain|phone_same
L02190,L00116,company_lower_no_suffix|name_upper|email_typo|phone_same
L02191,L01332,company_new_suffix|name_initial|email_upper|phone_changed
L02192,L00143,company_renamed|name_initial|email_new_domain|phone_changed
L02193,L00428,company_lower_no_suffix|name_initial|email_blank|phone_changed
L02194,L01946,company_renamed|name_upper|email_new_domain|phone_same
L02195,L00379,company_renamed|name_trailing_space|email_blank|phone_changed
L02196,L00681,company_renamed|name_upper|email_new_domain|phone_same
L02197,L00631,company_upper_new_suffix|name_upper|email_typo|phone_changed
L02198,L00179,company_renamed|name_trailing_space|email_blank|phone_same
L02199,L01200,company_upper_new_suffix|name_upper|email_upper|phone_changed
L02200,L01432,company_new_suffix|name_trailing_space|email_typo|phone_same
